小区名称,均价,在售二手房(套),销售状态,商圈,建筑年代,建筑类型,物业费用,物业公司,开发商,楼栋总数,房屋总数,附近门店,详细地址,小区详情网址,成交时间,成交价格(万),成交单价(元/每平),挂牌价格（万）,成交周期（天）,调价（次）,带看（次）,关注（人）,浏览（次）,房屋户型,所在楼层,建筑面积,户型结构,套内面积,房屋朝向,建成年代,装修情况,建筑结构,供暖方式,梯户比例,产权年限,配备电梯,链家编号,交易权属,挂牌时间,房屋用途,房屋年限,房权所属,房屋详情网址
汇雅花园,20675,20,90天成交0套3套正在出租,白云白云大道北,1996年建成 ,塔楼       ,0.65元/平米/月,广州雅汇物业管理有限公司,无开发商,33栋,1068户,暂无门店信息,(白云白云大道北)新广从路汇雅花园,https://gz.lianjia.com/xiaoqu/2111103317585/,2016.03.31 成交,59.5,9154,59.5,暂无数据,1,0,0,暂无数据,2室2厅1厨1卫        ,高楼层 (共7层)          ,65㎡          ,暂无数据              ,暂无数据         ,西北   ,1996 ,简装     ,钢混结构  ,        ,一梯四户           ,70年           ,无           ,GZ0001277572          ,商品房          ,2017-12-20         ,普通住宅          ,暂无数据       ,暂无数据           ,https://gz.lianjia.com/chengjiao/GZ0001277572.html
汇雅花园,20675,20,90天成交0套3套正在出租,白云白云大道北,1996年建成 ,塔楼       ,0.65元/平米/月,广州雅汇物业管理有限公司,无开发商,33栋,1068户,暂无门店信息,(白云白云大道北)新广从路汇雅花园,https://gz.lianjia.com/xiaoqu/2111103317585/,2016.04.13 成交,53,8154,53,暂无数据,1,0,0,暂无数据,2室1厅0厨1卫        ,中楼层 (共7层)          ,65㎡          ,暂无数据              ,暂无数据         ,西南   ,1996 ,其他     ,钢混结构  ,        ,一梯四户           ,70年           ,无           ,GZ0001582146          ,商品房          ,2017-11-28         ,普通住宅          ,暂无数据       ,暂无数据           ,https://gz.lianjia.com/chengjiao/GZ0001582146.html
汇侨新城东区,25141,28,90天成交0套25套正在出租,白云新市,1998年建成 ,塔楼       ,1元/平米/月,广州侨鑫汇景物业管理有限公司,侨鑫集团有限公司,30栋,982户,暂无门店信息,(白云新市)汇侨路汇侨新城东区,https://gz.lianjia.com/xiaoqu/2110343238861025/,2016.07.28 成交,110,13096,120,48,0,0,0,暂无数据,3室1厅0厨1卫        ,低楼层 (共9层)          ,84㎡          ,暂无数据              ,暂无数据         ,东北   ,2000 ,其他     ,钢混结构  ,        ,一梯四户           ,70年           ,无           ,GZ0001751526          ,商品房          ,2016-06-10         ,普通住宅          ,暂无数据       ,暂无数据           ,https://gz.lianjia.com/chengjiao/GZ0001751526.html
汇侨新城东区,25141,28,90天成交0套25套正在出租,白云新市,1998年建成 ,塔楼       ,1元/平米/月,广州侨鑫汇景物业管理有限公司,侨鑫集团有限公司,30栋,982户,暂无门店信息,(白云新市)汇侨路汇侨新城东区,https://gz.lianjia.com/xiaoqu/2110343238861025/,2016.08.14 成交,73.6,10083,73.6,暂无数据,1,0,0,暂无数据,2室2厅1厨1卫        ,高楼层 (共9层)          ,73㎡          ,平层              ,暂无数据         ,南   ,2000 ,简装     ,钢混结构  ,        ,一梯八户           ,70年           ,无           ,GZ0001396610          ,商品房          ,2016-10-20         ,普通住宅          ,暂无数据       ,暂无数据           ,https://gz.lianjia.com/chengjiao/GZ0001396610.html
汇侨新城东区,25141,28,90天成交0套25套正在出租,白云新市,1998年建成 ,塔楼       ,1元/平米/月,广州侨鑫汇景物业管理有限公司,侨鑫集团有限公司,30栋,982户,暂无门店信息,(白云新市)汇侨路汇侨新城东区,https://gz.lianjia.com/xiaoqu/2110343238861025/,2016.09.07 成交,85,11487,85,223,1,0,2,暂无数据,2室1厅0厨0卫        ,中楼层 (共9层)          ,74㎡          ,暂无数据              ,暂无数据         ,西   ,2000 ,简装     ,钢混结构  ,        ,一梯八户           ,70年           ,无           ,GZ0001310428          ,商品房          ,2016-01-28         ,普通住宅          ,暂无数据       ,暂无数据           ,https://gz.lianjia.com/chengjiao/GZ0001310428.html
汇侨新城东区,25141,28,90天成交0套25套正在出租,白云新市,1998年建成 ,塔楼       ,1元/平米/月,广州侨鑫汇景物业管理有限公司,侨鑫集团有限公司,30栋,982户,暂无门店信息,(白云新市)汇侨路汇侨新城东区,https://gz.lianjia.com/xiaoqu/2110343238861025/,2016.11.29 成交,83,11691,92.3,158,1,0,2,75,2室1厅0厨1卫        ,低楼层 (共9层)          ,71㎡          ,暂无数据              ,暂无数据         ,北   ,2000 ,精装     ,钢混结构  ,        ,一梯八户           ,70年           ,无           ,GZ0001784788          ,商品房          ,2016-06-24         ,普通住宅          ,暂无数据       ,暂无数据           ,https://gz.lianjia.com/chengjiao/GZ0001784788.html
汇侨新城东区,25141,28,90天成交0套25套正在出租,白云新市,1998年建成 ,塔楼       ,1元/平米/月,广州侨鑫汇景物业管理有限公司,侨鑫集团有限公司,30栋,982户,暂无门店信息,(白云新市)汇侨路汇侨新城东区,https://gz.lianjia.com/xiaoqu/2110343238861025/,2016.09.14 成交,84.5,11503,84.5,245,1,0,0,暂无数据,2室2厅0厨1卫        ,低楼层 (共9层)          ,73.46㎡          ,平层              ,暂无数据         ,南   ,2000 ,简装     ,钢混结构  ,        ,一梯八户           ,70年           ,无           ,GZ0001260302          ,商品房          ,2016-01-13         ,普通住宅          ,暂无数据       ,暂无数据           ,https://gz.lianjia.com/chengjiao/GZ0001260302.html
金碧新城,33820,75,90天成交8套35套正在出租,白云石井,2004年建成 ,塔楼       ,1.3至1.6元/平米/月,广州市金碧恒盈物业服务有限公司,广州市恒大房地产开发有限公司,11栋,4487户,暂无门店信息,(白云石井)石槎路金碧新城,https://gz.lianjia.com/xiaoqu/2111103317109/,2016.05.14 成交,112.5,17579,112.5,暂无数据,1,0,3,暂无数据,2室2厅0厨1卫        ,低楼层 (共32层)          ,64㎡          ,暂无数据              ,53㎡         ,南   ,2006 ,其他     ,钢混结构  ,        ,三梯八户           ,70年           ,有           ,GZ0001581802          ,商品房          ,2016-08-09         ,普通住宅          ,暂无数据       ,暂无数据           ,https://gz.lianjia.com/chengjiao/GZ0001581802.html
金信路,21743,0,90天成交0套1套正在出租,白云白云大道南,暂无信息 ,塔楼       ,暂无信息,暂无信息,暂无信息,3栋,126户,暂无门店信息,(白云白云大道南)金信路,https://gz.lianjia.com/xiaoqu/2111793067945945/,2017.04.20 成交,185,22290,185,暂无数据,0,0,1,112,2室2厅1厨1卫        ,高楼层 (共9层)          ,83㎡          ,暂无数据              ,暂无数据         ,东   ,未知 ,其他     ,钢混结构  ,        ,一梯六户           ,70年           ,无           ,GZ0002613901          ,商品房          ,2017-08-24         ,普通住宅          ,暂无数据       ,暂无数据           ,https://gz.lianjia.com/chengjiao/GZ0002613901.html
金碧新城,33820,75,90天成交8套35套正在出租,白云石井,2004年建成 ,塔楼       ,1.3至1.6元/平米/月,广州市金碧恒盈物业服务有限公司,广州市恒大房地产开发有限公司,11栋,4487户,暂无门店信息,(白云石井)石槎路金碧新城,https://gz.lianjia.com/xiaoqu/2111103317109/,2016.05.19 成交,117,18628,122,14,1,0,0,暂无数据,2室1厅0厨1卫        ,低楼层 (共32层)          ,62.81㎡          ,暂无数据              ,51.1㎡         ,东北   ,2006 ,其他     ,钢混结构  ,        ,三梯八户           ,70年           ,有           ,GZ0001665806          ,商品房          ,2016-05-05         ,普通住宅          ,满五年       ,暂无数据           ,https://gz.lianjia.com/chengjiao/GZ0001665806.html
金碧新城,33820,75,90天成交8套35套正在出租,白云石井,2004年建成 ,塔楼       ,1.3至1.6元/平米/月,广州市金碧恒盈物业服务有限公司,广州市恒大房地产开发有限公司,11栋,4487户,暂无门店信息,(白云石井)石槎路金碧新城,https://gz.lianjia.com/xiaoqu/2111103317109/,2016.05.29 成交,109.6,17678,109.6,暂无数据,1,0,3,暂无数据,2室2厅1厨1卫        ,低楼层 (共11层)          ,62㎡          ,暂无数据              ,暂无数据         ,东北   ,2004 ,简装     ,钢混结构  ,        ,一梯四户           ,70年           ,有           ,GZ0001341880          ,商品房          ,2017-07-17         ,普通住宅          ,暂无数据       ,暂无数据           ,https://gz.lianjia.com/chengjiao/GZ0001341880.html
金碧新城,33820,75,90天成交8套35套正在出租,白云石井,2004年建成 ,塔楼       ,1.3至1.6元/平米/月,广州市金碧恒盈物业服务有限公司,广州市恒大房地产开发有限公司,11栋,4487户,暂无门店信息,(白云石井)石槎路金碧新城,https://gz.lianjia.com/xiaoqu/2111103317109/,2016.06.03 成交,118,18154,118,暂无数据,1,0,0,暂无数据,2室1厅1厨1卫        ,高楼层 (共27层)          ,65㎡          ,平层              ,暂无数据         ,南   ,2007 ,其他     ,钢混结构  ,        ,三梯八户           ,70年           ,有           ,GZ0001491598          ,商品房          ,2018-03-21         ,普通住宅          ,暂无数据       ,暂无数据           ,https://gz.lianjia.com/chengjiao/GZ0001491598.html
金碧新城,33820,75,90天成交8套35套正在出租,白云石井,2004年建成 ,塔楼       ,1.3至1.6元/平米/月,广州市金碧恒盈物业服务有限公司,广州市恒大房地产开发有限公司,11栋,4487户,暂无门店信息,(白云石井)石槎路金碧新城,https://gz.lianjia.com/xiaoqu/2111103317109/,2016.12.18 成交,139,21719,140,6,0,0,1,171,2室1厅1厨1卫        ,中楼层 (共32层)          ,64㎡          ,暂无数据              ,暂无数据         ,东北   ,2006 ,其他     ,钢混结构  ,        ,三梯八户           ,70年           ,有           ,GZ0002299005          ,商品房          ,2016-12-12         ,普通住宅          ,暂无数据       ,暂无数据           ,https://gz.lianjia.com/chengjiao/GZ0002299005.html
金碧新城,33820,75,90天成交8套35套正在出租,白云石井,2004年建成 ,塔楼       ,1.3至1.6元/平米/月,广州市金碧恒盈物业服务有限公司,广州市恒大房地产开发有限公司,11栋,4487户,暂无门店信息,(白云石井)石槎路金碧新城,https://gz.lianjia.com/xiaoqu/2111103317109/,2016.06.08 成交,106.5,17178,106.5,暂无数据,1,0,0,暂无数据,2室1厅1厨1卫        ,低楼层 (共11层)          ,62㎡          ,暂无数据              ,暂无数据         ,东   ,2004 ,精装     ,钢混结构  ,        ,一梯四户           ,70年           ,有           ,GZ0001536561          ,商品房          ,2018-03-09         ,普通住宅          ,暂无数据       ,暂无数据           ,https://gz.lianjia.com/chengjiao/GZ0001536561.html
金碧新城,33820,75,90天成交8套35套正在出租,白云石井,2004年建成 ,塔楼       ,1.3至1.6元/平米/月,广州市金碧恒盈物业服务有限公司,广州市恒大房地产开发有限公司,11栋,4487户,暂无门店信息,(白云石井)石槎路金碧新城,https://gz.lianjia.com/xiaoqu/2111103317109/,2016.12.19 成交,153,21858,158,61,0,0,0,63,2室1厅1厨1卫        ,低楼层 (共32层)          ,70㎡          ,暂无数据              ,暂无数据         ,南   ,2006 ,其他     ,钢混结构  ,        ,三梯八户           ,70年           ,有           ,GZ0002301590          ,商品房          ,2016-10-19         ,普通住宅          ,暂无数据       ,暂无数据           ,https://gz.lianjia.com/chengjiao/GZ0002301590.html
金碧新城,33820,75,90天成交8套35套正在出租,白云石井,2004年建成 ,塔楼       ,1.3至1.6元/平米/月,广州市金碧恒盈物业服务有限公司,广州市恒大房地产开发有限公司,11栋,4487户,暂无门店信息,(白云石井)石槎路金碧新城,https://gz.lianjia.com/xiaoqu/2111103317109/,2016.12.22 成交,140,19735,240,暂无数据,1,0,0,116,2室1厅1厨1卫        ,低楼层 (共11层)          ,70.94㎡          ,暂无数据              ,暂无数据         ,东北   ,2004 ,其他     ,钢混结构  ,        ,一梯四户           ,70年           ,有           ,GZ0002303001          ,商品房          ,2017-10-31         ,普通住宅          ,暂无数据       ,暂无数据           ,https://gz.lianjia.com/chengjiao/GZ0002303001.html
金碧新城,33820,75,90天成交8套35套正在出租,白云石井,2004年建成 ,塔楼       ,1.3至1.6元/平米/月,广州市金碧恒盈物业服务有限公司,广州市恒大房地产开发有限公司,11栋,4487户,暂无门店信息,(白云石井)石槎路金碧新城,https://gz.lianjia.com/xiaoqu/2111103317109/,2016.12.27 成交,175,23334,180,5,1,0,1,262,2室1厅1厨1卫        ,低楼层 (共32层)          ,75㎡          ,暂无数据              ,暂无数据         ,东北   ,2006 ,其他     ,钢混结构  ,        ,三梯八户           ,70年           ,有           ,GZ0002306155          ,商品房          ,2016-12-22         ,普通住宅          ,暂无数据       ,暂无数据           ,https://gz.lianjia.com/chengjiao/GZ0002306155.html
金碧新城,33820,75,90天成交8套35套正在出租,白云石井,2004年建成 ,塔楼       ,1.3至1.6元/平米/月,广州市金碧恒盈物业服务有限公司,广州市恒大房地产开发有限公司,11栋,4487户,暂无门店信息,(白云石井)石槎路金碧新城,https://gz.lianjia.com/xiaoqu/2111103317109/,2017.01.05 成交,245,24020,250,299,0,0,0,61,3室1厅1厨2卫        ,低楼层 (共18层)          ,102㎡          ,暂无数据              ,暂无数据         ,东南   ,2005 ,其他     ,钢混结构  ,        ,两梯六户           ,70年           ,有           ,GZ0002327182          ,商品房          ,2016-03-12         ,普通住宅          ,暂无数据       ,暂无数据           ,https://gz.lianjia.com/chengjiao/GZ0002327182.html
金碧新城,33820,75,90天成交8套35套正在出租,白云石井,2004年建成 ,塔楼       ,1.3至1.6元/平米/月,广州市金碧恒盈物业服务有限公司,广州市恒大房地产开发有限公司,11栋,4487户,暂无门店信息,(白云石井)石槎路金碧新城,https://gz.lianjia.com/xiaoqu/2111103317109/,2016.12.30 成交,270,29033,270,1903,1,0,0,872,4室2厅0厨2卫        ,低楼层 (共18层)          ,93㎡          ,暂无数据              ,暂无数据         ,南   ,2005 ,简装     ,钢混结构  ,        ,两梯两户           ,70年           ,有           ,GZ0002233984          ,商品房          ,2011-10-15         ,普通住宅          ,暂无数据       ,暂无数据           ,https://gz.lianjia.com/chengjiao/GZ0002233984.html
金碧新城,33820,75,90天成交8套35套正在出租,白云石井,2004年建成 ,塔楼       ,1.3至1.6元/平米/月,广州市金碧恒盈物业服务有限公司,广州市恒大房地产开发有限公司,11栋,4487户,暂无门店信息,(白云石井)石槎路金碧新城,https://gz.lianjia.com/xiaoqu/2111103317109/,2017.01.06 成交,128,20984,128,暂无数据,1,0,4,846,2室2厅1厨1卫        ,低楼层 (共11层)          ,61㎡          ,暂无数据              ,暂无数据         ,东南   ,2004 ,其他     ,钢混结构  ,        ,一梯四户           ,70年           ,有           ,GZ0002304096          ,商品房          ,2017-09-23         ,普通住宅          ,暂无数据       ,暂无数据           ,https://gz.lianjia.com/chengjiao/GZ0002304096.html
聚芳园,17987,0,90天成交0套1套正在出租,白云机场路,2000年建成 ,塔楼       ,0.5元/平米/月,广州市云天物业管理有限公司,暂无信息,4栋,82户,暂无门店信息,(白云机场路)广花四路,https://gz.lianjia.com/xiaoqu/2111103317586/,2017.04.02 成交,105,15000,95,212,0,0,0,84,2室1厅0厨1卫        ,中楼层 (共9层)          ,70㎡          ,暂无数据              ,暂无数据         ,北   ,2000 ,简装     ,钢混结构  ,        ,一梯四户           ,70年           ,暂无数据           ,GZ0001974004          ,商品房          ,2016-09-02         ,普通住宅          ,暂无数据       ,暂无数据           ,https://gz.lianjia.com/chengjiao/GZ0001974004.html
京华雅居,18371,2,90天成交0套1套正在出租,白云新市,1995年建成 ,塔楼       ,0.4元/平米/月,广州市白云物业管理有限公司,广州白云房地产开发总公司,5栋,149户,暂无门店信息,(白云新市)广花四路京华雅居,https://gz.lianjia.com/xiaoqu/2111103317758/,2016.05.09 成交,35,11305,35,暂无数据,1,0,0,暂无数据,1室1厅0厨1卫        ,高楼层 (共9层)          ,30.96㎡          ,暂无数据              ,暂无数据         ,南 北   ,1995 ,简装     ,钢混结构  ,        ,一梯四户           ,70年           ,无           ,GZ0001625387          ,商品房          ,2018-03-16         ,普通住宅          ,暂无数据       ,暂无数据           ,https://gz.lianjia.com/chengjiao/GZ0001625387.html
京华雅居,18371,2,90天成交0套1套正在出租,白云新市,1995年建成 ,塔楼       ,0.4元/平米/月,广州市白云物业管理有限公司,广州白云房地产开发总公司,5栋,149户,暂无门店信息,(白云新市)广花四路京华雅居,https://gz.lianjia.com/xiaoqu/2111103317758/,2017.03.22 成交,72,11804,75,156,1,0,29,2694,3室1厅1厨1卫        ,中楼层 (共9层)          ,61㎡          ,暂无数据              ,暂无数据         ,南   ,1995 ,其他     ,钢混结构  ,        ,一梯五户           ,70年           ,无           ,GZ0002197359          ,商品房          ,2016-10-17         ,普通住宅          ,暂无数据       ,暂无数据           ,https://gz.lianjia.com/chengjiao/GZ0002197359.html
京华雅居,18371,2,90天成交0套1套正在出租,白云新市,1995年建成 ,塔楼       ,0.4元/平米/月,广州市白云物业管理有限公司,广州白云房地产开发总公司,5栋,149户,暂无门店信息,(白云新市)广花四路京华雅居,https://gz.lianjia.com/xiaoqu/2111103317758/,2017.04.17 成交,86,13756,86,暂无数据,1,0,7,290,3室1厅1厨1卫        ,中楼层 (共9层)          ,62.52㎡          ,暂无数据              ,暂无数据         ,北   ,1999 ,其他     ,钢混结构  ,        ,一梯五户           ,70年           ,无           ,GZ0002602081          ,商品房          ,2017-07-29         ,普通住宅          ,暂无数据       ,暂无数据           ,https://gz.lianjia.com/chengjiao/GZ0002602081.html
京华雅居,18371,2,90天成交0套1套正在出租,白云新市,1995年建成 ,塔楼       ,0.4元/平米/月,广州市白云物业管理有限公司,广州白云房地产开发总公司,5栋,149户,暂无门店信息,(白云新市)广花四路京华雅居,https://gz.lianjia.com/xiaoqu/2111103317758/,2017.07.16 成交,87,13916,90,317,1,0,52,3262,4室1厅1厨1卫        ,中楼层 (共9层)          ,62.52㎡          ,暂无数据              ,暂无数据         ,北   ,1995 ,其他     ,钢混结构  ,        ,一梯五户           ,70年           ,无           ,GZ0002296670          ,商品房          ,2016-09-02         ,普通住宅          ,暂无数据       ,暂无数据           ,https://gz.lianjia.com/chengjiao/GZ0002296670.html
依云小镇,37990,8,90天成交0套5套正在出租,白云白云大道北,2009年建成 ,塔楼       ,1.8至2.5元/平米/月,时代物业管理有限公司,广州市时代中通地产投资有限公司,36栋,366户,暂无门店信息,(白云白云大道北)集贤路依云小镇,https://gz.lianjia.com/xiaoqu/2111103318310/,2016.08.18 成交,300.7,17792,310,174,1,0,0,暂无数据,4室2厅0厨2卫        ,中楼层 (共18层)          ,169㎡          ,暂无数据              ,暂无数据         ,南   ,2009 ,精装     ,钢混结构  ,        ,两梯两户           ,70年           ,有           ,GZ0001634621          ,商品房          ,2016-02-26         ,普通住宅          ,暂无数据       ,暂无数据           ,https://gz.lianjia.com/chengjiao/GZ0001634621.html
京华雅居,18371,2,90天成交0套1套正在出租,白云新市,1995年建成 ,塔楼       ,0.4元/平米/月,广州市白云物业管理有限公司,广州白云房地产开发总公司,5栋,149户,暂无门店信息,(白云新市)广花四路京华雅居,https://gz.lianjia.com/xiaoqu/2111103317758/,2017.07.16 成交,62.9,13105,55,534,1,0,5,187,2室1厅0厨1卫        ,中楼层 (共9层)          ,48㎡          ,暂无数据              ,暂无数据         ,暂无数据   ,1995 ,其他     ,钢混结构  ,        ,一梯五户           ,70年           ,无           ,GZ0001332058          ,商品房          ,2016-01-29         ,普通住宅          ,暂无数据       ,暂无数据           ,https://gz.lianjia.com/chengjiao/GZ0001332058.html
依云小镇,37990,8,90天成交0套5套正在出租,白云白云大道北,2009年建成 ,塔楼       ,1.8至2.5元/平米/月,时代物业管理有限公司,广州市时代中通地产投资有限公司,36栋,366户,暂无门店信息,(白云白云大道北)集贤路依云小镇,https://gz.lianjia.com/xiaoqu/2111103318310/,2016.06.22 成交,321.8,19988,330,750,0,0,0,暂无数据,4室2厅0厨2卫        ,高楼层 (共18层)          ,161㎡          ,暂无数据              ,暂无数据         ,南 北   ,2009 ,其他     ,钢混结构  ,        ,两梯两户           ,70年           ,有           ,GZ0001582225          ,商品房          ,2014-06-03         ,普通住宅          ,暂无数据       ,暂无数据           ,https://gz.lianjia.com/chengjiao/GZ0001582225.html
岭南新世界映悦园,44591,12,90天成交0套10套正在出租,白云白云大道北,2012年建成 ,塔楼       ,2.6元/平米/月,广州市锦日物业服务有限公司,广州集贤庄新世界城市花园发展有限公司,6栋,288户,暂无门店信息,(白云白云大道北)新广从路岭南新世界映悦园,https://gz.lianjia.com/xiaoqu/2110343239123054/,2016.06.17 成交,180,24658,190,50,0,0,1,1,2室2厅0厨1卫        ,低楼层 (共9层)          ,73㎡          ,暂无数据              ,暂无数据         ,南   ,2008 ,其他     ,钢混结构  ,        ,两梯四户           ,70年           ,有           ,GZ0001631687          ,商品房          ,2016-04-28         ,普通住宅          ,暂无数据       ,暂无数据           ,https://gz.lianjia.com/chengjiao/GZ0001631687.html
岭南新世界映悦园,44591,12,90天成交0套10套正在出租,白云白云大道北,2012年建成 ,塔楼       ,2.6元/平米/月,广州市锦日物业服务有限公司,广州集贤庄新世界城市花园发展有限公司,6栋,288户,暂无门店信息,(白云白云大道北)新广从路岭南新世界映悦园,https://gz.lianjia.com/xiaoqu/2110343239123054/,2016.08.18 成交,180,24000,180,21,0,0,2,暂无数据,2室2厅1厨1卫        ,低楼层 (共9层)          ,75㎡          ,暂无数据              ,暂无数据         ,南   ,2008 ,其他     ,钢混结构  ,        ,两梯四户           ,70年           ,有           ,GZ0001892367          ,商品房          ,2016-07-28         ,普通住宅          ,暂无数据       ,暂无数据           ,https://gz.lianjia.com/chengjiao/GZ0001892367.html
三元里大道,22419,13,90天成交0套13套正在出租,白云机场路,1955年建成 ,塔楼       ,暂无信息,无物业管理服务,无开发商,143栋,3929户,暂无门店信息,(白云机场路)三元里大道,https://gz.lianjia.com/xiaoqu/2111103831622/,2017.08.30 成交,42,15556,43,159,0,0,17,1029,1室1厅1厨1卫        ,高楼层 (共9层)          ,27㎡          ,暂无数据              ,暂无数据         ,南   ,1995 ,简装     ,钢混结构  ,        ,一梯八户           ,70年           ,无           ,GZ0002871953          ,商品房          ,2017-03-24         ,普通住宅          ,暂无数据       ,暂无数据           ,https://gz.lianjia.com/chengjiao/GZ0002871953.html
岭南新世界映悦园,44591,12,90天成交0套10套正在出租,白云白云大道北,2012年建成 ,塔楼       ,2.6元/平米/月,广州市锦日物业服务有限公司,广州集贤庄新世界城市花园发展有限公司,6栋,288户,暂无门店信息,(白云白云大道北)新广从路岭南新世界映悦园,https://gz.lianjia.com/xiaoqu/2110343239123054/,2016.09.30 成交,270,27552,268,26,0,0,2,2,3室2厅1厨2卫        ,中楼层 (共9层)          ,98㎡          ,暂无数据              ,88㎡         ,北   ,2008 ,其他     ,钢混结构  ,        ,两梯四户           ,70年           ,有           ,GZ0001976192          ,商品房          ,2016-09-04         ,普通住宅          ,暂无数据       ,暂无数据           ,https://gz.lianjia.com/chengjiao/GZ0001976192.html
岭南新世界映悦园,44591,12,90天成交0套10套正在出租,白云白云大道北,2012年建成 ,塔楼       ,2.6元/平米/月,广州市锦日物业服务有限公司,广州集贤庄新世界城市花园发展有限公司,6栋,288户,暂无门店信息,(白云白云大道北)新广从路岭南新世界映悦园,https://gz.lianjia.com/xiaoqu/2110343239123054/,2017.02.22 成交,283,34454,270,285,1,0,13,1078,2室2厅0厨1卫        ,高楼层 (共17层)          ,82.14㎡          ,暂无数据              ,暂无数据         ,北   ,2008 ,其他     ,钢混结构  ,        ,两梯四户           ,70年           ,有           ,GZ0002332047          ,商品房          ,2016-05-13         ,普通住宅          ,暂无数据       ,暂无数据           ,https://gz.lianjia.com/chengjiao/GZ0002332047.html
三元里大道,22419,13,90天成交0套13套正在出租,白云机场路,1955年建成 ,塔楼       ,暂无信息,无物业管理服务,无开发商,143栋,3929户,暂无门店信息,(白云机场路)三元里大道,https://gz.lianjia.com/xiaoqu/2111103831622/,2016.02.29 成交,34,10462,35,27,1,0,0,暂无数据,1室1厅0厨1卫        ,中楼层 (共8层)          ,32.5㎡          ,暂无数据              ,暂无数据         ,暂无数据   ,1995 ,其他     ,钢混结构  ,        ,一梯四户           ,70年           ,无           ,GZ0001343186          ,商品房          ,2016-02-03         ,普通住宅          ,暂无数据       ,暂无数据           ,https://gz.lianjia.com/chengjiao/GZ0001343186.html
岭南新世界映悦园,44591,12,90天成交0套10套正在出租,白云白云大道北,2012年建成 ,塔楼       ,2.6元/平米/月,广州市锦日物业服务有限公司,广州集贤庄新世界城市花园发展有限公司,6栋,288户,暂无门店信息,(白云白云大道北)新广从路岭南新世界映悦园,https://gz.lianjia.com/xiaoqu/2110343239123054/,2016.10.06 成交,280,28572,280,148,0,0,2,4,3室2厅1厨2卫        ,高楼层 (共9层)          ,98㎡          ,暂无数据              ,暂无数据         ,北   ,2008 ,其他     ,钢混结构  ,        ,两梯四户           ,70年           ,有           ,GZ0001975146          ,商品房          ,2016-05-11         ,普通住宅          ,满两年       ,暂无数据           ,https://gz.lianjia.com/chengjiao/GZ0001975146.html
凯云新世界,53940,7,90天成交0套9套正在出租,白云白云大道北,暂无信息 ,塔楼       ,1.2至4.2元/平米/月,新世界物业发展有限公司,新世界中国地产有限公司,25栋,1032户,暂无门店信息,(白云白云大道北)岭云路凯云新世界,https://gz.lianjia.com/xiaoqu/219998401548133/,2016.04.26 成交,560,33533,560,15,1,0,1,1,4室2厅0厨3卫        ,低楼层 (共26层)          ,167㎡          ,暂无数据              ,暂无数据         ,南   ,未知 ,其他     ,钢混结构  ,        ,两梯两户           ,70年           ,有           ,GZ0001584060          ,商品房          ,2016-04-12         ,普通住宅          ,暂无数据       ,暂无数据           ,https://gz.lianjia.com/chengjiao/GZ0001584060.html
凯云新世界,53940,7,90天成交0套9套正在出租,白云白云大道北,暂无信息 ,塔楼       ,1.2至4.2元/平米/月,新世界物业发展有限公司,新世界中国地产有限公司,25栋,1032户,暂无门店信息,(白云白云大道北)岭云路凯云新世界,https://gz.lianjia.com/xiaoqu/219998401548133/,2016.12.28 成交,610,36127,620,92,1,0,9,2047,4室2厅1厨3卫        ,低楼层 (共26层)          ,168.85㎡          ,暂无数据              ,暂无数据         ,南 北   ,未知 ,其他     ,钢混结构  ,        ,两梯两户           ,70年           ,有           ,GZ0002185873          ,商品房          ,2016-09-27         ,普通住宅          ,暂无数据       ,暂无数据           ,https://gz.lianjia.com/chengjiao/GZ0002185873.html
凯云新世界,53940,7,90天成交0套9套正在出租,白云白云大道北,暂无信息 ,塔楼       ,1.2至4.2元/平米/月,新世界物业发展有限公司,新世界中国地产有限公司,25栋,1032户,暂无门店信息,(白云白云大道北)岭云路凯云新世界,https://gz.lianjia.com/xiaoqu/219998401548133/,2017.06.12 成交,710,51450,674,1,0,0,2,150,3室2厅1厨2卫        ,高楼层 (共22层)          ,138㎡          ,暂无数据              ,暂无数据         ,北   ,未知 ,其他     ,钢混结构  ,        ,两梯两户           ,70年           ,有           ,GZ0002796543          ,商品房          ,2017-06-12         ,普通住宅          ,暂无数据       ,暂无数据           ,https://gz.lianjia.com/chengjiao/GZ0002796543.html
润祥大厦,29046,5,90天成交0套2套正在出租,白云同和,2000年建成 ,塔楼       ,1元/平米/月,广州市圣地物业管理有限公司,润祥物业管理有限公司,2栋,230户,暂无门店信息,(白云同和)广州大道北1521号润祥大厦,https://gz.lianjia.com/xiaoqu/2111103319402/,2016.03.20 成交,89,16482,90,1914,0,0,0,暂无数据,2室1厅0厨1卫        ,中楼层 (共13层)          ,54㎡          ,暂无数据              ,暂无数据         ,暂无数据   ,2000 ,简装     ,钢混结构  ,        ,两梯八户           ,70年           ,有           ,GZ0001310270          ,商品房          ,2010-12-24         ,普通住宅          ,暂无数据       ,暂无数据           ,https://gz.lianjia.com/chengjiao/GZ0001310270.html
凯云新世界,53940,7,90天成交0套9套正在出租,白云白云大道北,暂无信息 ,塔楼       ,1.2至4.2元/平米/月,新世界物业发展有限公司,新世界中国地产有限公司,25栋,1032户,暂无门店信息,(白云白云大道北)岭云路凯云新世界,https://gz.lianjia.com/xiaoqu/219998401548133/,2017.12.31 成交,729,52827,750,57,0,0,0,21,3室1厅1厨2卫        ,高楼层 (共22层)          ,138㎡          ,暂无数据              ,暂无数据         ,东北   ,未知 ,其他     ,钢混结构  ,        ,两梯两户           ,70年           ,有           ,GZ0003322638          ,商品房          ,2017-11-04         ,普通住宅          ,暂无数据       ,暂无数据           ,https://gz.lianjia.com/chengjiao/GZ0003322638.html
润祥大厦,29046,5,90天成交0套2套正在出租,白云同和,2000年建成 ,塔楼       ,1元/平米/月,广州市圣地物业管理有限公司,润祥物业管理有限公司,2栋,230户,暂无门店信息,(白云同和)广州大道北1521号润祥大厦,https://gz.lianjia.com/xiaoqu/2111103319402/,2017.05.03 成交,150,20000,180,1664,0,0,0,21,2室2厅0厨1卫        ,中楼层 (共13层)          ,75㎡          ,暂无数据              ,暂无数据         ,东南   ,2000 ,简装     ,钢混结构  ,        ,两梯十五户           ,70年           ,有           ,GZ0002645128          ,商品房          ,2012-10-12         ,普通住宅          ,暂无数据       ,暂无数据           ,https://gz.lianjia.com/chengjiao/GZ0002645128.html
润祥大厦,29046,5,90天成交0套2套正在出租,白云同和,2000年建成 ,塔楼       ,1元/平米/月,广州市圣地物业管理有限公司,润祥物业管理有限公司,2栋,230户,暂无门店信息,(白云同和)广州大道北1521号润祥大厦,https://gz.lianjia.com/xiaoqu/2111103319402/,2017.06.11 成交,186.8,22507,186.8,暂无数据,1,0,6,634,3室2厅1厨2卫        ,中楼层 (共13层)          ,83㎡          ,暂无数据              ,暂无数据         ,东南   ,2000 ,其他     ,钢混结构  ,        ,两梯十五户           ,70年           ,有           ,GZ0002745850          ,商品房          ,2017-07-01         ,普通住宅          ,暂无数据       ,暂无数据           ,https://gz.lianjia.com/chengjiao/GZ0002745850.html
增槎路锦翠苑,28729,3,90天成交0套1套正在出租,白云罗冲围,2004年建成 ,塔楼       ,0.8元/平米/月,无物业管理服务,暂无信息,10栋,321户,暂无门店信息,(白云罗冲围)增槎路,https://gz.lianjia.com/xiaoqu/2111103319398/,2016.11.04 成交,163,18112,170,41,1,0,4,169,2室2厅1厨1卫        ,中楼层 (共12层)          ,90㎡          ,暂无数据              ,暂无数据         ,南   ,2004 ,其他     ,钢混结构  ,        ,一梯六户           ,70年           ,暂无数据           ,GZ0002049400          ,商品房          ,2016-09-24         ,普通住宅          ,满五年       ,暂无数据           ,https://gz.lianjia.com/chengjiao/GZ0002049400.html
增槎路锦翠苑,28729,3,90天成交0套1套正在出租,白云罗冲围,2004年建成 ,塔楼       ,0.8元/平米/月,无物业管理服务,暂无信息,10栋,321户,暂无门店信息,(白云罗冲围)增槎路,https://gz.lianjia.com/xiaoqu/2111103319398/,2017.04.17 成交,160,19167,160,135,0,0,39,3348,2室1厅1厨1卫        ,低楼层 (共6层)          ,83.48㎡          ,暂无数据              ,暂无数据         ,南 北   ,2004 ,其他     ,钢混结构  ,        ,一梯四户           ,70年           ,暂无数据           ,GZ0002274803          ,商品房          ,2016-12-03         ,普通住宅          ,暂无数据       ,暂无数据           ,https://gz.lianjia.com/chengjiao/GZ0002274803.html
增槎路锦翠苑,28729,3,90天成交0套1套正在出租,白云罗冲围,2004年建成 ,塔楼       ,0.8元/平米/月,无物业管理服务,暂无信息,10栋,321户,暂无门店信息,(白云罗冲围)增槎路,https://gz.lianjia.com/xiaoqu/2111103319398/,2017.05.27 成交,198,24941,200,41,0,0,8,1012,2室1厅1厨1卫        ,低楼层 (共11层)          ,79.39㎡          ,暂无数据              ,暂无数据         ,东南   ,未知 ,其他     ,钢混结构  ,        ,一梯六户           ,70年           ,暂无数据           ,GZ0002610487          ,商品房          ,2017-04-16         ,普通住宅          ,暂无数据       ,暂无数据           ,https://gz.lianjia.com/chengjiao/GZ0002610487.html
增槎路锦翠苑,28729,3,90天成交0套1套正在出租,白云罗冲围,2004年建成 ,塔楼       ,0.8元/平米/月,无物业管理服务,暂无信息,10栋,321户,暂无门店信息,(白云罗冲围)增槎路,https://gz.lianjia.com/xiaoqu/2111103319398/,2018.01.30 成交,260,29103,270,112,1,0,4,1429,2室1厅1厨2卫        ,低楼层 (共11层)          ,89.34㎡          ,暂无数据              ,暂无数据         ,西北   ,2004 ,其他     ,钢混结构  ,        ,一梯六户           ,70年           ,暂无数据           ,GZ0003153613          ,商品房          ,2017-10-10         ,普通住宅          ,暂无数据       ,暂无数据           ,https://gz.lianjia.com/chengjiao/GZ0003153613.html
万科蓝山,27472,21,90天成交0套5套正在出租,白云南湖,2007年建成 ,塔楼       ,1.9元/平米/月,广州市万科物业服务有限公司,广州市万科房地产有限公司,53栋,1028户,暂无门店信息,(白云南湖)同和路万科蓝山,https://gz.lianjia.com/xiaoqu/2111103317847/,2016.12.18 成交,236.8,24927,240,207,0,0,0,274,3室1厅0厨1卫        ,低楼层 (共18层)          ,95㎡          ,暂无数据              ,暂无数据         ,东   ,2007 ,毛坯     ,钢混结构  ,        ,两梯四户           ,70年           ,有           ,GZ0002288949          ,商品房          ,2016-05-25         ,普通住宅          ,暂无数据       ,暂无数据           ,https://gz.lianjia.com/chengjiao/GZ0002288949.html
万科蓝山,27472,21,90天成交0套5套正在出租,白云南湖,2007年建成 ,塔楼       ,1.9元/平米/月,广州市万科物业服务有限公司,广州市万科房地产有限公司,53栋,1028户,暂无门店信息,(白云南湖)同和路万科蓝山,https://gz.lianjia.com/xiaoqu/2111103317847/,2016.03.14 成交,213,19542,220,14,0,0,0,暂无数据,3室2厅0厨2卫        ,低楼层 (共18层)          ,109㎡          ,暂无数据              ,暂无数据         ,暂无数据   ,2007 ,毛坯     ,钢混结构  ,        ,两梯四户           ,70年           ,有           ,GZ0001458955          ,商品房          ,2016-03-01         ,普通住宅          ,暂无数据       ,暂无数据           ,https://gz.lianjia.com/chengjiao/GZ0001458955.html
三元里大道,22419,13,90天成交0套13套正在出租,白云机场路,1955年建成 ,塔楼       ,暂无信息,无物业管理服务,无开发商,143栋,3929户,暂无门店信息,(白云机场路)三元里大道,https://gz.lianjia.com/xiaoqu/2111103831622/,2016.04.22 成交,67.5,10888,68,35,1,0,0,暂无数据,2室2厅0厨0卫        ,高楼层 (共9层)          ,62㎡          ,暂无数据              ,暂无数据         ,暂无数据   ,1995 ,其他     ,钢混结构  ,        ,一梯四户           ,70年           ,无           ,GZ0001501729          ,商品房          ,2016-03-19         ,普通住宅          ,暂无数据       ,暂无数据           ,https://gz.lianjia.com/chengjiao/GZ0001501729.html
万科蓝山,27472,21,90天成交0套5套正在出租,白云南湖,2007年建成 ,塔楼       ,1.9元/平米/月,广州市万科物业服务有限公司,广州市万科房地产有限公司,53栋,1028户,暂无门店信息,(白云南湖)同和路万科蓝山,https://gz.lianjia.com/xiaoqu/2111103317847/,2017.03.13 成交,300,16667,300,暂无数据,1,0,10,1105,4室2厅2厨2卫        ,低楼层 (共18层)          ,180㎡          ,暂无数据              ,暂无数据         ,南   ,2007 ,精装     ,钢混结构  ,        ,两梯两户           ,70年           ,有           ,GZ0002392486          ,商品房          ,2018-06-03         ,普通住宅          ,暂无数据       ,暂无数据           ,https://gz.lianjia.com/chengjiao/GZ0002392486.html
三元里大道,22419,13,90天成交0套13套正在出租,白云机场路,1955年建成 ,塔楼       ,暂无信息,无物业管理服务,无开发商,143栋,3929户,暂无门店信息,(白云机场路)三元里大道,https://gz.lianjia.com/xiaoqu/2111103831622/,2016.07.25 成交,122,16945,123,1,0,0,0,暂无数据,2室2厅0厨1卫        ,中楼层 (共9层)          ,72㎡          ,暂无数据              ,暂无数据         ,西南   ,1995 ,简装     ,钢混结构  ,        ,一梯两户           ,70年           ,无           ,GZ0001878825          ,商品房          ,2016-07-24         ,普通住宅          ,暂无数据       ,暂无数据           ,https://gz.lianjia.com/chengjiao/GZ0001878825.html
三元里大道,22419,13,90天成交0套13套正在出租,白云机场路,1955年建成 ,塔楼       ,暂无信息,无物业管理服务,无开发商,143栋,3929户,暂无门店信息,(白云机场路)三元里大道,https://gz.lianjia.com/xiaoqu/2111103831622/,2016.07.24 成交,70,10044,75,172,1,0,1,暂无数据,2室2厅0厨1卫        ,低楼层 (共9层)          ,69.7㎡          ,暂无数据              ,暂无数据         ,南   ,1995 ,其他     ,钢混结构  ,        ,一梯四户           ,70年           ,无           ,GZ0001801861          ,商品房          ,2016-02-03         ,普通住宅          ,暂无数据       ,暂无数据           ,https://gz.lianjia.com/chengjiao/GZ0001801861.html
梅苑小区,36965,13,90天成交0套6套正在出租,白云同和,1999年建成 ,塔楼       ,0.5元/平米/月,广州市和顺物业管理有限公司,广州市云山实业公司,21栋,967户,暂无门店信息,(白云同和)同和路梅苑小区,https://gz.lianjia.com/xiaoqu/2110343238599531/,2016.12.07 成交,152.5,25417,155,44,1,0,2,847,1室1厅1厨1卫        ,高楼层 (共9层)          ,60㎡          ,暂无数据              ,暂无数据         ,东北   ,1999 ,其他     ,钢混结构  ,        ,一梯七户           ,70年           ,有           ,GZ0002202167          ,商品房          ,2016-10-24         ,普通住宅          ,暂无数据       ,暂无数据           ,https://gz.lianjia.com/chengjiao/GZ0002202167.html
梅苑小区,36965,13,90天成交0套6套正在出租,白云同和,1999年建成 ,塔楼       ,0.5元/平米/月,广州市和顺物业管理有限公司,广州市云山实业公司,21栋,967户,暂无门店信息,(白云同和)同和路梅苑小区,https://gz.lianjia.com/xiaoqu/2110343238599531/,2017.02.28 成交,162.2,19781,165,13,1,0,5,493,3室2厅1厨1卫        ,高楼层 (共9层)          ,82㎡          ,暂无数据              ,暂无数据         ,东   ,1999 ,其他     ,钢混结构  ,        ,一梯九户           ,70年           ,无           ,GZ0002422583          ,商品房          ,2017-02-15         ,普通住宅          ,暂无数据       ,暂无数据           ,https://gz.lianjia.com/chengjiao/GZ0002422583.html
三元里大道,22419,13,90天成交0套13套正在出租,白云机场路,1955年建成 ,塔楼       ,暂无信息,无物业管理服务,无开发商,143栋,3929户,暂无门店信息,(白云机场路)三元里大道,https://gz.lianjia.com/xiaoqu/2111103831622/,2016.09.17 成交,74.8,10686,80,165,1,0,1,4,3室1厅0厨1卫        ,中楼层 (共9层)          ,70㎡          ,暂无数据              ,暂无数据         ,南   ,1995 ,其他     ,钢混结构  ,        ,一梯四户           ,70年           ,无           ,GZ0001566936          ,商品房          ,2016-04-05         ,普通住宅          ,暂无数据       ,暂无数据           ,https://gz.lianjia.com/chengjiao/GZ0001566936.html
三元里大道,22419,13,90天成交0套13套正在出租,白云机场路,1955年建成 ,塔楼       ,暂无信息,无物业管理服务,无开发商,143栋,3929户,暂无门店信息,(白云机场路)三元里大道,https://gz.lianjia.com/xiaoqu/2111103831622/,2016.11.30 成交,95,12059,105,184,0,0,19,896,3室2厅1厨1卫        ,中楼层 (共9层)          ,78.78㎡          ,暂无数据              ,暂无数据         ,南   ,1995 ,简装     ,钢混结构  ,        ,一梯八户           ,70年           ,无           ,GZ0002197487          ,商品房          ,2016-05-30         ,普通住宅          ,暂无数据       ,暂无数据           ,https://gz.lianjia.com/chengjiao/GZ0002197487.html
三元里大道,22419,13,90天成交0套13套正在出租,白云机场路,1955年建成 ,塔楼       ,暂无信息,无物业管理服务,无开发商,143栋,3929户,暂无门店信息,(白云机场路)三元里大道,https://gz.lianjia.com/xiaoqu/2111103831622/,2017.01.10 成交,74.5,13243,76,144,1,0,36,2269,2室1厅1厨1卫        ,中楼层 (共9层)          ,56.26㎡          ,暂无数据              ,暂无数据         ,南   ,1995 ,简装     ,钢混结构  ,        ,一梯八户           ,70年           ,无           ,GZ0002195557          ,商品房          ,2016-08-19         ,普通住宅          ,暂无数据       ,暂无数据           ,https://gz.lianjia.com/chengjiao/GZ0002195557.html
梅苑小区,36965,13,90天成交0套6套正在出租,白云同和,1999年建成 ,塔楼       ,0.5元/平米/月,广州市和顺物业管理有限公司,广州市云山实业公司,21栋,967户,暂无门店信息,(白云同和)同和路梅苑小区,https://gz.lianjia.com/xiaoqu/2110343238599531/,2018.04.11 成交,226,35148,230,8,0,0,4,235,2室1厅1厨1卫        ,中楼层 (共9层)          ,64.3㎡          ,暂无数据              ,暂无数据         ,东南   ,1999 ,精装     ,钢混结构  ,        ,一梯九户           ,70年           ,无           ,GZ0003890873          ,商品房          ,2018-04-03         ,普通住宅          ,暂无数据       ,暂无数据           ,https://gz.lianjia.com/chengjiao/GZ0003890873.html
三元里大道,22419,13,90天成交0套13套正在出租,白云机场路,1955年建成 ,板楼       ,暂无信息,无物业管理服务,无开发商,143栋,3929户,暂无门店信息,(白云机场路)三元里大道,https://gz.lianjia.com/xiaoqu/2111103831622/,2016.07.27 成交,69,14436,70,23,1,0,0,暂无数据,2室2厅0厨1卫        ,中楼层 (共5层)          ,47.8㎡          ,暂无数据              ,暂无数据         ,南   ,1995 ,其他     ,钢混结构  ,        ,一梯三户           ,70年           ,无           ,GZ0001809722          ,商品房          ,2016-07-04         ,普通住宅          ,暂无数据       ,暂无数据           ,https://gz.lianjia.com/chengjiao/GZ0001809722.html
梅苑小区,36965,13,90天成交0套6套正在出租,白云同和,1999年建成 ,塔楼       ,0.5元/平米/月,广州市和顺物业管理有限公司,广州市云山实业公司,21栋,967户,暂无门店信息,(白云同和)同和路梅苑小区,https://gz.lianjia.com/xiaoqu/2110343238599531/,2017.06.15 成交,285,34375,290,49,1,0,9,1525,3室2厅1厨1卫        ,高楼层 (共9层)          ,82.91㎡          ,暂无数据              ,暂无数据         ,北   ,1999 ,简装     ,钢混结构  ,        ,一梯四户           ,70年           ,无           ,GZ0002642999          ,商品房          ,2017-04-27         ,普通住宅          ,暂无数据       ,暂无数据           ,https://gz.lianjia.com/chengjiao/GZ0002642999.html
三元里大道,22419,13,90天成交0套13套正在出租,白云机场路,1955年建成 ,塔楼       ,暂无信息,无物业管理服务,无开发商,143栋,3929户,暂无门店信息,(白云机场路)三元里大道,https://gz.lianjia.com/xiaoqu/2111103831622/,2016.08.11 成交,90,12413,90,1,0,0,0,暂无数据,2室1厅0厨1卫        ,中楼层 (共9层)          ,72.51㎡          ,暂无数据              ,暂无数据         ,南   ,1995 ,其他     ,钢混结构  ,        ,一梯两户           ,70年           ,无           ,GZ0001928901          ,商品房          ,2016-08-11         ,普通住宅          ,暂无数据       ,暂无数据           ,https://gz.lianjia.com/chengjiao/GZ0001928901.html
御鹿华轩,37338,1,90天成交0套0套正在出租,白云广园路,2000年建成 ,塔楼       ,1.7元/平米/月,广东建工恒福物业管理公司,广州御金庄置业有限公司,10栋,359户,暂无门店信息,(白云广园路)广园中路340号,https://gz.lianjia.com/xiaoqu/2111103316381/,2016.12.31 成交,190,23544,195,104,0,0,2,842,2室1厅1厨1卫        ,高楼层 (共9层)          ,80.7㎡          ,暂无数据              ,暂无数据         ,南   ,2000 ,其他     ,钢混结构  ,        ,一梯五户           ,70年           ,有           ,GZ0002196163          ,商品房          ,2016-09-18         ,普通住宅          ,暂无数据       ,暂无数据           ,https://gz.lianjia.com/chengjiao/GZ0002196163.html
御鹿华轩,37338,1,90天成交0套0套正在出租,白云广园路,2000年建成 ,塔楼       ,1.7元/平米/月,广东建工恒福物业管理公司,广州御金庄置业有限公司,10栋,359户,暂无门店信息,(白云广园路)广园中路340号,https://gz.lianjia.com/xiaoqu/2111103316381/,2017.03.10 成交,323,26917,334,409,0,0,0,8,3室1厅0厨2卫        ,低楼层 (共8层)          ,120㎡          ,暂无数据              ,暂无数据         ,东南   ,2000 ,其他     ,钢混结构  ,        ,一梯四户           ,70年           ,有           ,GZ0002525956          ,商品房          ,2016-01-26         ,普通住宅          ,暂无数据       ,暂无数据           ,https://gz.lianjia.com/chengjiao/GZ0002525956.html
御鹿华轩,37338,1,90天成交0套0套正在出租,白云广园路,2000年建成 ,塔楼       ,1.7元/平米/月,广东建工恒福物业管理公司,广州御金庄置业有限公司,10栋,359户,暂无门店信息,(白云广园路)广园中路340号,https://gz.lianjia.com/xiaoqu/2111103316381/,2017.05.02 成交,372,32348,410,194,1,0,6,2005,3室2厅0厨2卫        ,中楼层 (共9层)          ,115㎡          ,平层              ,暂无数据         ,东   ,2000 ,精装     ,钢混结构  ,        ,一梯四户           ,70年           ,有           ,GZ0002291066          ,商品房          ,2016-10-20         ,普通住宅          ,暂无数据       ,暂无数据           ,https://gz.lianjia.com/chengjiao/GZ0002291066.html
御鹿华轩,37338,1,90天成交0套0套正在出租,白云广园路,2000年建成 ,塔楼       ,1.7元/平米/月,广东建工恒福物业管理公司,广州御金庄置业有限公司,10栋,359户,暂无门店信息,(白云广园路)广园中路340号,https://gz.lianjia.com/xiaoqu/2111103316381/,2017.04.03 成交,175,24306,175,197,1,0,55,5532,3室1厅1厨1卫        ,高楼层 (共9层)          ,72㎡          ,暂无数据              ,72㎡         ,北   ,2000 ,其他     ,钢混结构  ,        ,一梯五户           ,70年           ,有           ,GZ0002242712          ,商品房          ,2016-09-18         ,普通住宅          ,暂无数据       ,暂无数据           ,https://gz.lianjia.com/chengjiao/GZ0002242712.html
枫溪苑,28594,8,90天成交2套4套正在出租,白云机场路,1999年建成 ,塔楼       ,0.6至0.8元/平米/月,枫溪苑物业管理,广州浩泽房地产开发有限公司,11栋,311户,暂无门店信息,(白云机场路)岗贝路191-211号（单号）,https://gz.lianjia.com/xiaoqu/219159659762529/,2016.03.28 成交,94,14921,100,733,1,0,0,暂无数据,2室1厅0厨1卫        ,高楼层 (共9层)          ,63㎡          ,暂无数据              ,暂无数据         ,西   ,1999 ,简装     ,钢混结构  ,        ,一梯四户           ,70年           ,无           ,GZ0001516970          ,商品房          ,2014-03-27         ,普通住宅          ,暂无数据       ,暂无数据           ,https://gz.lianjia.com/chengjiao/GZ0001516970.html
枫溪苑,28594,8,90天成交2套4套正在出租,白云机场路,1999年建成 ,塔楼       ,0.6至0.8元/平米/月,枫溪苑物业管理,广州浩泽房地产开发有限公司,11栋,311户,暂无门店信息,(白云机场路)岗贝路191-211号（单号）,https://gz.lianjia.com/xiaoqu/219159659762529/,2016.03.29 成交,98,16897,105,2,0,0,0,暂无数据,2室1厅0厨1卫        ,中楼层 (共9层)          ,58㎡          ,暂无数据              ,暂无数据         ,南   ,1999 ,简装     ,钢混结构  ,        ,一梯四户           ,70年           ,无           ,GZ0001531196          ,商品房          ,2016-03-28         ,普通住宅          ,暂无数据       ,暂无数据           ,https://gz.lianjia.com/chengjiao/GZ0001531196.html
枫溪苑,28594,8,90天成交2套4套正在出租,白云机场路,1999年建成 ,塔楼       ,0.6至0.8元/平米/月,枫溪苑物业管理,广州浩泽房地产开发有限公司,11栋,311户,暂无门店信息,(白云机场路)岗贝路191-211号（单号）,https://gz.lianjia.com/xiaoqu/219159659762529/,2016.05.16 成交,98,15556,100,暂无数据,1,0,0,暂无数据,2室1厅0厨1卫        ,低楼层 (共9层)          ,63㎡          ,平层              ,暂无数据         ,东 西   ,1999 ,简装     ,钢混结构  ,        ,一梯四户           ,70年           ,无           ,GZ0001343918          ,商品房          ,2016-05-20         ,普通住宅          ,暂无数据       ,暂无数据           ,https://gz.lianjia.com/chengjiao/GZ0001343918.html
枫溪苑,28594,8,90天成交2套4套正在出租,白云机场路,1999年建成 ,塔楼       ,0.6至0.8元/平米/月,枫溪苑物业管理,广州浩泽房地产开发有限公司,11栋,311户,暂无门店信息,(白云机场路)岗贝路191-211号（单号）,https://gz.lianjia.com/xiaoqu/219159659762529/,2016.06.02 成交,98.5,15635,100,13,0,0,0,暂无数据,2室1厅0厨1卫        ,低楼层 (共9层)          ,63㎡          ,平层              ,暂无数据         ,东 西   ,1999 ,简装     ,钢混结构  ,        ,一梯四户           ,70年           ,无           ,GZ0001697907          ,商品房          ,2016-05-20         ,普通住宅          ,暂无数据       ,暂无数据           ,https://gz.lianjia.com/chengjiao/GZ0001697907.html
枫溪苑,28594,8,90天成交2套4套正在出租,白云机场路,1999年建成 ,塔楼       ,0.6至0.8元/平米/月,枫溪苑物业管理,广州浩泽房地产开发有限公司,11栋,311户,暂无门店信息,(白云机场路)岗贝路191-211号（单号）,https://gz.lianjia.com/xiaoqu/219159659762529/,2016.08.16 成交,130,13266,130,3381,1,0,1,暂无数据,3室2厅0厨1卫        ,高楼层 (共8层)          ,98㎡          ,暂无数据              ,暂无数据         ,南   ,1999 ,简装     ,钢混结构  ,        ,一梯两户           ,70年           ,无           ,GZ0001621860          ,商品房          ,2007-05-15         ,普通住宅          ,暂无数据       ,暂无数据           ,https://gz.lianjia.com/chengjiao/GZ0001621860.html
枫溪苑,28594,8,90天成交2套4套正在出租,白云机场路,1999年建成 ,塔楼       ,0.6至0.8元/平米/月,枫溪苑物业管理,广州浩泽房地产开发有限公司,11栋,311户,暂无门店信息,(白云机场路)岗贝路191-211号（单号）,https://gz.lianjia.com/xiaoqu/219159659762529/,2017.01.12 成交,104,13867,108,1296,0,0,0,200,3室1厅1厨1卫        ,高楼层 (共8层)          ,75㎡          ,暂无数据              ,61.46㎡         ,南 北   ,1999 ,精装     ,钢混结构  ,        ,一梯两户           ,70年           ,无           ,GZ0002330341          ,商品房          ,2013-06-26         ,普通住宅          ,暂无数据       ,暂无数据           ,https://gz.lianjia.com/chengjiao/GZ0002330341.html
枫溪苑,28594,8,90天成交2套4套正在出租,白云机场路,1999年建成 ,塔楼       ,0.6至0.8元/平米/月,枫溪苑物业管理,广州浩泽房地产开发有限公司,11栋,311户,暂无门店信息,(白云机场路)岗贝路191-211号（单号）,https://gz.lianjia.com/xiaoqu/219159659762529/,2016.09.18 成交,108,14400,113,1,0,0,0,3,2室1厅0厨1卫        ,中楼层 (共8层)          ,75㎡          ,暂无数据              ,暂无数据         ,南 北   ,1999 ,简装     ,钢混结构  ,        ,一梯两户           ,70年           ,无           ,GZ0002004086          ,商品房          ,2016-09-17         ,普通住宅          ,暂无数据       ,暂无数据           ,https://gz.lianjia.com/chengjiao/GZ0002004086.html
枫溪苑,28594,8,90天成交2套4套正在出租,白云机场路,1999年建成 ,塔楼       ,0.6至0.8元/平米/月,枫溪苑物业管理,广州浩泽房地产开发有限公司,11栋,311户,暂无门店信息,(白云机场路)岗贝路191-211号（单号）,https://gz.lianjia.com/xiaoqu/219159659762529/,2017.05.05 成交,143,21667,145,57,0,0,1,15,2室1厅1厨1卫        ,中楼层 (共8层)          ,66㎡          ,暂无数据              ,暂无数据         ,北   ,1999 ,简装     ,钢混结构  ,        ,一梯四户           ,70年           ,无           ,GZ0002649525          ,商品房          ,2017-03-09         ,普通住宅          ,暂无数据       ,暂无数据           ,https://gz.lianjia.com/chengjiao/GZ0002649525.html
枫溪苑,28594,8,90天成交2套4套正在出租,白云机场路,1999年建成 ,塔楼       ,0.6至0.8元/平米/月,枫溪苑物业管理,广州浩泽房地产开发有限公司,11栋,311户,暂无门店信息,(白云机场路)岗贝路191-211号（单号）,https://gz.lianjia.com/xiaoqu/219159659762529/,2017.03.05 成交,170,16261,170,283,0,0,35,2682,3室2厅1厨2卫        ,中楼层 (共9层)          ,104.55㎡          ,暂无数据              ,暂无数据         ,东 西   ,1999 ,精装     ,钢混结构  ,        ,一梯三户           ,70年           ,无           ,GZ0002274487          ,商品房          ,2016-05-26         ,普通住宅          ,暂无数据       ,暂无数据           ,https://gz.lianjia.com/chengjiao/GZ0002274487.html
枫溪苑,28594,8,90天成交2套4套正在出租,白云机场路,1999年建成 ,塔楼       ,0.6至0.8元/平米/月,枫溪苑物业管理,广州浩泽房地产开发有限公司,11栋,311户,暂无门店信息,(白云机场路)岗贝路191-211号（单号）,https://gz.lianjia.com/xiaoqu/219159659762529/,2017.03.23 成交,89,18473,88,331,1,0,22,3178,2室1厅1厨1卫        ,低楼层 (共9层)          ,48.18㎡          ,暂无数据              ,暂无数据         ,东南   ,1999 ,简装     ,钢混结构  ,        ,一梯五户           ,70年           ,无           ,GZ0002261501          ,商品房          ,2016-04-26         ,普通住宅          ,满五年       ,暂无数据           ,https://gz.lianjia.com/chengjiao/GZ0002261501.html
枫溪苑,28594,8,90天成交2套4套正在出租,白云机场路,1999年建成 ,塔楼       ,0.6至0.8元/平米/月,枫溪苑物业管理,广州浩泽房地产开发有限公司,11栋,311户,暂无门店信息,(白云机场路)岗贝路191-211号（单号）,https://gz.lianjia.com/xiaoqu/219159659762529/,2017.03.04 成交,96,16515,96,3,0,0,5,356,2室1厅1厨1卫        ,中楼层 (共9层)          ,58.13㎡          ,暂无数据              ,暂无数据         ,南   ,1999 ,简装     ,钢混结构  ,        ,一梯四户           ,70年           ,无           ,GZ0002438316          ,商品房          ,2017-03-01         ,普通住宅          ,暂无数据       ,暂无数据           ,https://gz.lianjia.com/chengjiao/GZ0002438316.html
枫溪苑,28594,8,90天成交2套4套正在出租,白云机场路,1999年建成 ,塔楼       ,0.6至0.8元/平米/月,枫溪苑物业管理,广州浩泽房地产开发有限公司,11栋,311户,暂无门店信息,(白云机场路)岗贝路191-211号（单号）,https://gz.lianjia.com/xiaoqu/219159659762529/,2017.10.02 成交,142,22494,152,28,1,0,21,655,2室2厅1厨1卫        ,高楼层 (共9层)          ,63.13㎡          ,暂无数据              ,55.62㎡         ,西   ,1999 ,精装     ,钢混结构  ,        ,一梯四户           ,70年           ,无           ,GZ0003037110          ,商品房          ,2017-09-04         ,普通住宅          ,暂无数据       ,暂无数据           ,https://gz.lianjia.com/chengjiao/GZ0003037110.html
枫溪苑,28594,8,90天成交2套4套正在出租,白云机场路,1999年建成 ,塔楼       ,0.6至0.8元/平米/月,枫溪苑物业管理,广州浩泽房地产开发有限公司,11栋,311户,暂无门店信息,(白云机场路)岗贝路191-211号（单号）,https://gz.lianjia.com/xiaoqu/219159659762529/,2017.10.22 成交,160,25345,160,1,0,0,3,58,2室1厅1厨1卫        ,中楼层 (共9层)          ,63.13㎡          ,暂无数据              ,暂无数据         ,西   ,1999 ,其他     ,钢混结构  ,        ,一梯四户           ,70年           ,无           ,GZ0003168489          ,商品房          ,2017-10-22         ,普通住宅          ,暂无数据       ,暂无数据           ,https://gz.lianjia.com/chengjiao/GZ0003168489.html
枫溪苑,28594,8,90天成交2套4套正在出租,白云机场路,1999年建成 ,塔楼       ,0.6至0.8元/平米/月,枫溪苑物业管理,广州浩泽房地产开发有限公司,11栋,311户,暂无门店信息,(白云机场路)岗贝路191-211号（单号）,https://gz.lianjia.com/xiaoqu/219159659762529/,2017.12.10 成交,165,25782,165,9,0,0,11,428,2室1厅1厨1卫        ,高楼层 (共9层)          ,64㎡          ,暂无数据              ,58.35㎡         ,北   ,1999 ,简装     ,钢混结构  ,        ,一梯四户           ,70年           ,无           ,GZ0003259655          ,商品房          ,2017-12-01         ,普通住宅          ,暂无数据       ,暂无数据           ,https://gz.lianjia.com/chengjiao/GZ0003259655.html
枫溪苑,28594,8,90天成交2套4套正在出租,白云机场路,1999年建成 ,塔楼       ,0.6至0.8元/平米/月,枫溪苑物业管理,广州浩泽房地产开发有限公司,11栋,311户,暂无门店信息,(白云机场路)岗贝路191-211号（单号）,https://gz.lianjia.com/xiaoqu/219159659762529/,2018.01.02 成交,180,26647,185,79,1,0,32,1450,2室1厅1厨1卫        ,中楼层 (共8层)          ,67.55㎡          ,暂无数据              ,暂无数据         ,北   ,1999 ,简装     ,钢混结构  ,        ,一梯三户           ,70年           ,无           ,GZ0003155825          ,商品房          ,2017-10-15         ,普通住宅          ,暂无数据       ,暂无数据           ,https://gz.lianjia.com/chengjiao/GZ0003155825.html
枫溪苑,28594,8,90天成交2套4套正在出租,白云机场路,1999年建成 ,塔楼       ,0.6至0.8元/平米/月,枫溪苑物业管理,广州浩泽房地产开发有限公司,11栋,311户,暂无门店信息,(白云机场路)岗贝路191-211号（单号）,https://gz.lianjia.com/xiaoqu/219159659762529/,2018.05.31 成交,229,30534,238,5,0,0,5,168,3室1厅1厨1卫        ,中楼层 (共8层)          ,75㎡          ,暂无数据              ,暂无数据         ,南 北   ,1999 ,简装     ,钢混结构  ,        ,一梯两户           ,70年           ,无           ,GZ0004243775          ,商品房          ,2018-05-26         ,普通住宅          ,暂无数据       ,暂无数据           ,https://gz.lianjia.com/chengjiao/GZ0004243775.html
枫溪苑,28594,8,90天成交2套4套正在出租,白云机场路,1999年建成 ,塔楼       ,0.6至0.8元/平米/月,枫溪苑物业管理,广州浩泽房地产开发有限公司,11栋,311户,暂无门店信息,(白云机场路)岗贝路191-211号（单号）,https://gz.lianjia.com/xiaoqu/219159659762529/,2018.08.25 成交,255,26270,250,1,0,0,6,224,3室1厅1厨1卫        ,中楼层 (共8层)          ,97.07㎡          ,暂无数据              ,86.13㎡         ,东南   ,1999 ,精装     ,钢混结构  ,        ,一梯两户           ,70年           ,无           ,108400047314          ,商品房          ,2018-08-24         ,普通住宅          ,满五年       ,共有           ,https://gz.lianjia.com/chengjiao/108400047314.html
三元里大道,22419,13,90天成交0套13套正在出租,白云机场路,1955年建成 ,塔楼       ,暂无信息,无物业管理服务,无开发商,143栋,3929户,暂无门店信息,(白云机场路)三元里大道,https://gz.lianjia.com/xiaoqu/2111103831622/,2017.03.30 成交,90,13053,90,330,1,0,3,105,2室1厅0厨1卫        ,中楼层 (共9层)          ,68.95㎡          ,暂无数据              ,暂无数据         ,南   ,1995 ,其他     ,钢混结构  ,        ,一梯六户           ,70年           ,无           ,GZ0001664155          ,商品房          ,2016-05-04         ,普通住宅          ,暂无数据       ,暂无数据           ,https://gz.lianjia.com/chengjiao/GZ0001664155.html
枫溪苑,28594,8,90天成交2套4套正在出租,白云机场路,1999年建成 ,塔楼       ,0.6至0.8元/平米/月,枫溪苑物业管理,广州浩泽房地产开发有限公司,11栋,311户,暂无门店信息,(白云机场路)岗贝路191-211号（单号）,https://gz.lianjia.com/xiaoqu/219159659762529/,2018.09.12 成交,180,28572,190,32,1,0,13,712,2室2厅1厨1卫        ,高楼层 (共9层)          ,63㎡          ,暂无数据              ,暂无数据         ,南 西   ,1999 ,精装     ,钢混结构  ,        ,一梯四户           ,70年           ,无           ,108400036666          ,商品房          ,2018-08-11         ,普通住宅          ,满两年       ,共有           ,https://gz.lianjia.com/chengjiao/108400036666.html
三元里大道,22419,13,90天成交0套13套正在出租,白云机场路,1955年建成 ,塔楼       ,暂无信息,无物业管理服务,无开发商,143栋,3929户,暂无门店信息,(白云机场路)三元里大道,https://gz.lianjia.com/xiaoqu/2111103831622/,2017.07.03 成交,37.5,11072,40,217,0,0,2,234,1室1厅1厨1卫        ,高楼层 (共9层)          ,33.87㎡          ,暂无数据              ,暂无数据         ,南   ,1995 ,简装     ,钢混结构  ,        ,一梯八户           ,70年           ,无           ,GZ0002829127          ,商品房          ,2016-11-28         ,普通住宅          ,暂无数据       ,暂无数据           ,https://gz.lianjia.com/chengjiao/GZ0002829127.html
枫溪苑,28594,8,90天成交2套4套正在出租,白云机场路,1999年建成 ,塔楼       ,0.6至0.8元/平米/月,枫溪苑物业管理,广州浩泽房地产开发有限公司,11栋,311户,暂无门店信息,(白云机场路)岗贝路191-211号（单号）,https://gz.lianjia.com/xiaoqu/219159659762529/,2017.07.03 成交,125,19143,130,51,0,0,17,2386,2室1厅1厨1卫        ,高楼层 (共9层)          ,65.3㎡          ,暂无数据              ,暂无数据         ,西   ,1999 ,其他     ,钢混结构  ,        ,一梯五户           ,70年           ,无           ,GZ0002721366          ,商品房          ,2017-05-13         ,普通住宅          ,暂无数据       ,暂无数据           ,https://gz.lianjia.com/chengjiao/GZ0002721366.html
三元里大道,22419,13,90天成交0套13套正在出租,白云机场路,1955年建成 ,塔楼       ,暂无信息,无物业管理服务,无开发商,143栋,3929户,暂无门店信息,(白云机场路)三元里大道,https://gz.lianjia.com/xiaoqu/2111103831622/,2017.07.13 成交,162.8,22580,170,1,0,0,1,127,2室1厅1厨1卫        ,高楼层 (共9层)          ,72.1㎡          ,暂无数据              ,暂无数据         ,北   ,1995 ,其他     ,钢混结构  ,        ,一梯两户           ,70年           ,无           ,GZ0002878059          ,商品房          ,2017-07-13         ,普通住宅          ,暂无数据       ,暂无数据           ,https://gz.lianjia.com/chengjiao/GZ0002878059.html
三元里大道,22419,13,90天成交0套13套正在出租,白云机场路,1955年建成 ,塔楼       ,暂无信息,无物业管理服务,无开发商,143栋,3929户,暂无门店信息,(白云机场路)三元里大道,https://gz.lianjia.com/xiaoqu/2111103831622/,2017.07.13 成交,80,20000,85,88,1,0,47,2736,2室1厅1厨1卫        ,中楼层 (共8层)          ,40㎡          ,暂无数据              ,暂无数据         ,东   ,1995 ,精装     ,钢混结构  ,        ,一梯八户           ,70年           ,无           ,GZ0002607411          ,商品房          ,2017-04-16         ,普通住宅          ,暂无数据       ,暂无数据           ,https://gz.lianjia.com/chengjiao/GZ0002607411.html
三元里大道,22419,13,90天成交0套13套正在出租,白云机场路,1955年建成 ,板楼       ,暂无信息,无物业管理服务,无开发商,143栋,3929户,暂无门店信息,(白云机场路)三元里大道,https://gz.lianjia.com/xiaoqu/2111103831622/,2017.08.30 成交,64,14884,65,54,0,0,21,1011,1室1厅0厨1卫        ,低楼层 (共8层)          ,43㎡          ,暂无数据              ,暂无数据         ,北   ,未知 ,简装     ,钢混结构  ,        ,一梯四户           ,70年           ,无           ,GZ0002900227          ,商品房          ,2017-07-07         ,普通住宅          ,暂无数据       ,暂无数据           ,https://gz.lianjia.com/chengjiao/GZ0002900227.html
三元里大道,22419,13,90天成交0套13套正在出租,白云机场路,1955年建成 ,塔楼       ,暂无信息,无物业管理服务,无开发商,143栋,3929户,暂无门店信息,(白云机场路)三元里大道,https://gz.lianjia.com/xiaoqu/2111103831622/,2017.09.12 成交,65,19118,65,60,1,0,26,1114,2室1厅1厨1卫        ,高楼层 (共9层)          ,34㎡          ,暂无数据              ,暂无数据         ,南   ,1995 ,简装     ,钢混结构  ,        ,一梯八户           ,70年           ,无           ,GZ0002879914          ,商品房          ,2017-07-14         ,普通住宅          ,暂无数据       ,暂无数据           ,https://gz.lianjia.com/chengjiao/GZ0002879914.html
三元里大道,22419,13,90天成交0套13套正在出租,白云机场路,1955年建成 ,塔楼       ,暂无信息,无物业管理服务,无开发商,143栋,3929户,暂无门店信息,(白云机场路)三元里大道,https://gz.lianjia.com/xiaoqu/2111103831622/,2017.12.18 成交,66,20000,66,40,0,0,52,1152,1室1厅1厨1卫        ,中楼层 (共9层)          ,33㎡          ,平层              ,暂无数据         ,东   ,1995 ,其他     ,钢混结构  ,        ,一梯一户           ,70年           ,无           ,GZ0003237673          ,商品房          ,2017-11-08         ,普通住宅          ,暂无数据       ,暂无数据           ,https://gz.lianjia.com/chengjiao/GZ0003237673.html
三元里大道,22419,13,90天成交0套13套正在出租,白云机场路,1955年建成 ,塔楼       ,暂无信息,无物业管理服务,无开发商,143栋,3929户,暂无门店信息,(白云机场路)三元里大道,https://gz.lianjia.com/xiaoqu/2111103831622/,2017.09.22 成交,58,21168,60,142,0,0,27,1417,1室1厅1厨1卫        ,中楼层 (共7层)          ,27.4㎡          ,暂无数据              ,暂无数据         ,东北   ,未知 ,其他     ,钢混结构  ,        ,一梯八户           ,70年           ,无           ,GZ0002759034          ,商品房          ,2017-05-03         ,普通住宅          ,暂无数据       ,暂无数据           ,https://gz.lianjia.com/chengjiao/GZ0002759034.html
三元里大道,22419,13,90天成交0套13套正在出租,白云机场路,1955年建成 ,塔楼       ,暂无信息,无物业管理服务,无开发商,143栋,3929户,暂无门店信息,(白云机场路)三元里大道,https://gz.lianjia.com/xiaoqu/2111103831622/,2018.04.06 成交,140,18919,145,151,1,0,99,3774,2室2厅1厨1卫        ,中楼层 (共9层)          ,74㎡          ,暂无数据              ,暂无数据         ,东   ,1995 ,其他     ,钢混结构  ,        ,一梯五户           ,70年           ,无           ,GZ0003225932          ,商品房          ,2017-11-06         ,普通住宅          ,暂无数据       ,暂无数据           ,https://gz.lianjia.com/chengjiao/GZ0003225932.html
三元里大道,22419,13,90天成交0套13套正在出租,白云机场路,1955年建成 ,塔楼       ,暂无信息,无物业管理服务,无开发商,143栋,3929户,暂无门店信息,(白云机场路)三元里大道,https://gz.lianjia.com/xiaoqu/2111103831622/,2017.09.21 成交,199,27601,210,40,1,0,8,788,2室1厅1厨1卫        ,高楼层 (共9层)          ,72.1㎡          ,暂无数据              ,暂无数据         ,东 西   ,1995 ,其他     ,钢混结构  ,        ,一梯两户           ,70年           ,无           ,GZ0002965304          ,商品房          ,2017-08-12         ,普通住宅          ,暂无数据       ,暂无数据           ,https://gz.lianjia.com/chengjiao/GZ0002965304.html
三元里大道,22419,13,90天成交0套13套正在出租,白云机场路,1955年建成 ,板楼       ,暂无信息,无物业管理服务,无开发商,143栋,3929户,暂无门店信息,(白云机场路)三元里大道,https://gz.lianjia.com/xiaoqu/2111103831622/,2018.04.26 成交,108,20332,110,1,0,0,18,120,2室1厅1厨1卫        ,高楼层 (共6层)          ,53.12㎡          ,暂无数据              ,48㎡         ,南   ,未知 ,其他     ,钢混结构  ,        ,一梯两户           ,70年           ,暂无数据           ,GZ0004024789          ,商品房          ,2018-04-25         ,普通住宅          ,暂无数据       ,暂无数据           ,https://gz.lianjia.com/chengjiao/GZ0004024789.html
三元里大道,22419,13,90天成交0套13套正在出租,白云机场路,1955年建成 ,塔楼       ,暂无信息,无物业管理服务,无开发商,143栋,3929户,暂无门店信息,(白云机场路)三元里大道,https://gz.lianjia.com/xiaoqu/2111103831622/,2018.06.25 成交,90,23042,92,200,0,0,306,2509,2室1厅1厨2卫        ,低楼层 (共9层)          ,39.06㎡          ,暂无数据              ,暂无数据         ,南   ,1995 ,其他     ,钢混结构  ,        ,一梯五户           ,70年           ,无           ,GZ0004036909          ,商品房          ,2017-12-07         ,普通住宅          ,暂无数据       ,暂无数据           ,https://gz.lianjia.com/chengjiao/GZ0004036909.html
三元里大道,22419,13,90天成交0套13套正在出租,白云机场路,1955年建成 ,塔楼       ,暂无信息,无物业管理服务,无开发商,143栋,3929户,暂无门店信息,(白云机场路)三元里大道,https://gz.lianjia.com/xiaoqu/2111103831622/,2018.07.25 成交,89.5,19649,95,14,0,0,13,376,1室1厅1厨1卫        ,低楼层 (共9层)          ,45.55㎡          ,暂无数据              ,37.07㎡         ,东   ,1995 ,其他     ,钢混结构  ,        ,一梯五户           ,70年           ,无           ,108400009066          ,商品房          ,2018-07-11         ,普通住宅          ,满五年       ,非共有           ,https://gz.lianjia.com/chengjiao/108400009066.html
依云小镇,37990,8,90天成交0套5套正在出租,白云白云大道北,2009年建成 ,塔楼       ,1.8至2.5元/平米/月,时代物业管理有限公司,广州市时代中通地产投资有限公司,36栋,366户,暂无门店信息,(白云白云大道北)集贤路依云小镇,https://gz.lianjia.com/xiaoqu/2111103318310/,2016.09.27 成交,315,19566,320,168,0,0,2,4,4室2厅0厨2卫        ,中楼层 (共18层)          ,161㎡          ,暂无数据              ,暂无数据         ,南 北   ,2009 ,其他     ,钢混结构  ,        ,两梯两户           ,70年           ,有           ,GZ0001632050          ,商品房          ,2016-04-12         ,普通住宅          ,暂无数据       ,暂无数据           ,https://gz.lianjia.com/chengjiao/GZ0001632050.html
依云小镇,37990,8,90天成交0套5套正在出租,白云白云大道北,2009年建成 ,塔楼       ,1.8至2.5元/平米/月,时代物业管理有限公司,广州市时代中通地产投资有限公司,36栋,366户,暂无门店信息,(白云白云大道北)集贤路依云小镇,https://gz.lianjia.com/xiaoqu/2111103318310/,2017.02.15 成交,330,23572,335,140,1,0,6,2094,4室2厅1厨2卫        ,中楼层 (共8层)          ,140㎡          ,暂无数据              ,暂无数据         ,北   ,2009 ,毛坯     ,钢混结构  ,        ,一梯两户           ,70年           ,有           ,GZ0002225079          ,商品房          ,2016-09-28         ,普通住宅          ,暂无数据       ,暂无数据           ,https://gz.lianjia.com/chengjiao/GZ0002225079.html
岭南新世界映悦园,44591,12,90天成交0套10套正在出租,白云白云大道北,2012年建成 ,塔楼       ,2.6元/平米/月,广州市锦日物业服务有限公司,广州集贤庄新世界城市花园发展有限公司,6栋,288户,暂无门店信息,(白云白云大道北)新广从路岭南新世界映悦园,https://gz.lianjia.com/xiaoqu/2110343239123054/,2017.02.24 成交,255,33535,255,1,1,0,2,241,2室2厅1厨1卫        ,低楼层 (共9层)          ,76.04㎡          ,暂无数据              ,60.61㎡         ,南   ,2008 ,其他     ,钢混结构  ,        ,两梯四户           ,70年           ,有           ,GZ0002422753          ,商品房          ,2017-02-23         ,普通住宅          ,暂无数据       ,暂无数据           ,https://gz.lianjia.com/chengjiao/GZ0002422753.html
依云小镇,37990,8,90天成交0套5套正在出租,白云白云大道北,2009年建成 ,塔楼       ,1.8至2.5元/平米/月,时代物业管理有限公司,广州市时代中通地产投资有限公司,36栋,366户,暂无门店信息,(白云白云大道北)集贤路依云小镇,https://gz.lianjia.com/xiaoqu/2111103318310/,2016.12.16 成交,280,20589,280,暂无数据,1,0,2,741,3室2厅1厨2卫        ,低楼层 (共10层)          ,136㎡          ,暂无数据              ,暂无数据         ,南 北   ,2009 ,其他     ,钢混结构  ,        ,一梯两户           ,70年           ,有           ,GZ0002247010          ,商品房          ,2017-02-10         ,普通住宅          ,暂无数据       ,暂无数据           ,https://gz.lianjia.com/chengjiao/GZ0002247010.html
京华雅居,18371,2,90天成交0套1套正在出租,白云新市,1995年建成 ,塔楼       ,0.4元/平米/月,广州市白云物业管理有限公司,广州白云房地产开发总公司,5栋,149户,暂无门店信息,(白云新市)广花四路京华雅居,https://gz.lianjia.com/xiaoqu/2111103317758/,2017.09.29 成交,67.9,14761,68,513,0,0,11,121,2室1厅0厨1卫        ,中楼层 (共9层)          ,46㎡          ,暂无数据              ,暂无数据         ,南   ,1995 ,其他     ,钢混结构  ,        ,一梯四户           ,70年           ,无           ,GZ0003099465          ,商品房          ,2016-05-04         ,普通住宅          ,暂无数据       ,暂无数据           ,https://gz.lianjia.com/chengjiao/GZ0003099465.html
依云小镇,37990,8,90天成交0套5套正在出租,白云白云大道北,2009年建成 ,塔楼       ,1.8至2.5元/平米/月,时代物业管理有限公司,广州市时代中通地产投资有限公司,36栋,366户,暂无门店信息,(白云白云大道北)集贤路依云小镇,https://gz.lianjia.com/xiaoqu/2111103318310/,2018.08.11 成交,496,37294,510,21,1,0,2,202,3室2厅1厨2卫        ,低楼层 (共8层)          ,133㎡          ,暂无数据              ,111㎡         ,南   ,2009 ,其他     ,钢混结构  ,        ,一梯两户           ,70年           ,有           ,108400017681          ,商品房          ,2018-07-21         ,普通住宅          ,暂无数据       ,非共有           ,https://gz.lianjia.com/chengjiao/108400017681.html
京华雅居,18371,2,90天成交0套1套正在出租,白云新市,1995年建成 ,塔楼       ,0.4元/平米/月,广州市白云物业管理有限公司,广州白云房地产开发总公司,5栋,149户,暂无门店信息,(白云新市)广花四路京华雅居,https://gz.lianjia.com/xiaoqu/2111103317758/,2017.10.15 成交,39,13000,42,12,0,0,15,281,1室1厅1厨1卫        ,高楼层 (共9层)          ,30㎡          ,暂无数据              ,暂无数据         ,北   ,1995 ,其他     ,钢混结构  ,        ,一梯五户           ,70年           ,无           ,GZ0003122146          ,商品房          ,2017-10-03         ,普通住宅          ,暂无数据       ,暂无数据           ,https://gz.lianjia.com/chengjiao/GZ0003122146.html
京华雅居,18371,2,90天成交0套1套正在出租,白云新市,1995年建成 ,塔楼       ,0.4元/平米/月,广州市白云物业管理有限公司,广州白云房地产开发总公司,5栋,149户,暂无门店信息,(白云新市)广花四路京华雅居,https://gz.lianjia.com/xiaoqu/2111103317758/,2018.01.18 成交,76,16576,80,12,1,0,27,448,1室1厅1厨1卫        ,高楼层 (共9层)          ,45.85㎡          ,暂无数据              ,暂无数据         ,南   ,1999 ,其他     ,钢混结构  ,        ,一梯五户           ,70年           ,无           ,GZ0003333696          ,商品房          ,2018-01-06         ,普通住宅          ,暂无数据       ,暂无数据           ,https://gz.lianjia.com/chengjiao/GZ0003333696.html
京华雅居,18371,2,90天成交0套1套正在出租,白云新市,1995年建成 ,塔楼       ,0.4元/平米/月,广州市白云物业管理有限公司,广州白云房地产开发总公司,5栋,149户,暂无门店信息,(白云新市)广花四路京华雅居,https://gz.lianjia.com/xiaoqu/2111103317758/,2018.03.02 成交,94,18310,96,69,0,0,9,154,2室1厅1厨1卫        ,中楼层 (共9层)          ,51.34㎡          ,暂无数据              ,暂无数据         ,东   ,1999 ,其他     ,钢混结构  ,        ,一梯五户           ,70年           ,无           ,GZ0003592677          ,商品房          ,2017-12-23         ,普通住宅          ,暂无数据       ,暂无数据           ,https://gz.lianjia.com/chengjiao/GZ0003592677.html
民航小区云霄街,28846,4,90天成交0套3套正在出租,白云新市,1995年建成 ,塔楼       ,0.5元/平米/月,广州南航物业管理有限公司,中国南航集团建设开发有限公司,14栋,366户,暂无门店信息,(白云新市)机场路民航小区云霄街,https://gz.lianjia.com/xiaoqu/2110343238337421/,2017.01.25 成交,220,22889,225,173,1,0,16,1683,3室1厅1厨1卫        ,中楼层 (共13层)          ,96.12㎡          ,暂无数据              ,暂无数据         ,南   ,1995 ,其他     ,钢混结构  ,        ,一梯五户           ,70年           ,有           ,GZ0002196869          ,商品房          ,2016-08-05         ,普通住宅          ,暂无数据       ,暂无数据           ,https://gz.lianjia.com/chengjiao/GZ0002196869.html
京华雅居,18371,2,90天成交0套1套正在出租,白云新市,1995年建成 ,塔楼       ,0.4元/平米/月,广州市白云物业管理有限公司,广州白云房地产开发总公司,5栋,149户,暂无门店信息,(白云新市)广花四路京华雅居,https://gz.lianjia.com/xiaoqu/2111103317758/,2018.02.04 成交,128,18947,129,191,1,0,89,2120,3室1厅1厨1卫        ,高楼层 (共9层)          ,67.56㎡          ,暂无数据              ,57.21㎡         ,北   ,1995 ,精装     ,钢混结构  ,        ,一梯五户           ,70年           ,无           ,GZ0003221559          ,商品房          ,2017-07-28         ,普通住宅          ,暂无数据       ,暂无数据           ,https://gz.lianjia.com/chengjiao/GZ0003221559.html
金碧新城,33820,75,90天成交8套35套正在出租,白云石井,2004年建成 ,塔楼       ,1.3至1.6元/平米/月,广州市金碧恒盈物业服务有限公司,广州市恒大房地产开发有限公司,11栋,4487户,暂无门店信息,(白云石井)石槎路金碧新城,https://gz.lianjia.com/xiaoqu/2111103317109/,2017.01.14 成交,139,23002,210,暂无数据,1,0,0,69,2室1厅0厨1卫        ,高楼层 (共11层)          ,60.43㎡          ,暂无数据              ,暂无数据         ,东   ,2004 ,其他     ,钢混结构  ,        ,一梯四户           ,70年           ,有           ,GZ0002337122          ,商品房          ,2017-08-17         ,普通住宅          ,暂无数据       ,暂无数据           ,https://gz.lianjia.com/chengjiao/GZ0002337122.html
京华雅居,18371,2,90天成交0套1套正在出租,白云新市,1995年建成 ,塔楼       ,0.4元/平米/月,广州市白云物业管理有限公司,广州白云房地产开发总公司,5栋,149户,暂无门店信息,(白云新市)广花四路京华雅居,https://gz.lianjia.com/xiaoqu/2111103317758/,2018.09.02 成交,95,18505,100,83,1,0,95,1872,1室1厅1厨1卫        ,高楼层 (共9层)          ,51.34㎡          ,平层              ,暂无数据         ,西   ,1999 ,其他     ,钢混结构  ,        ,一梯五户           ,70年           ,无           ,108200024351          ,商品房          ,2018-06-11         ,普通住宅          ,暂无数据       ,非共有           ,https://gz.lianjia.com/chengjiao/108200024351.html
金碧新城,33820,75,90天成交8套35套正在出租,白云石井,2004年建成 ,塔楼       ,1.3至1.6元/平米/月,广州市金碧恒盈物业服务有限公司,广州市恒大房地产开发有限公司,11栋,4487户,暂无门店信息,(白云石井)石槎路金碧新城,https://gz.lianjia.com/xiaoqu/2111103317109/,2017.01.17 成交,150,21740,150,239,0,0,1,114,2室1厅1厨1卫        ,中楼层 (共18层)          ,69㎡          ,暂无数据              ,暂无数据         ,南 北   ,2005 ,精装     ,钢混结构  ,        ,两梯六户           ,70年           ,有           ,GZ0002337200          ,商品房          ,2016-05-23         ,普通住宅          ,暂无数据       ,暂无数据           ,https://gz.lianjia.com/chengjiao/GZ0002337200.html
